{
  "latest_news": [
    { "title": "2023 Best Beaches Contest Winners", "link": "news" },
    { "title": "Top 10 Diving Spots", "link": "news" },
    { "title": "Fishing ban to be implemented this year", "link": "news" },
    { "title": "Lifeguard saves child from drowning", "link": "news" }
  ],
  "vacation_tips": [
    { "title": "What to bring on the beach?", "link": "news" },
    { "title": "Planning Fun Activities", "link": "news" },
    { "title": "Diving Checklist", "link": "news" },
    { "title": "First Aid", "link": "news" },
    { "title": "How to Build a Sand Castle?", "link": "news" },
    { "title": "Tanning Tips", "link": "news" }
  ],
  "News_main": {
      "image": "kayak.jpg",
      "link": "news",
      "title": "Experience Kayaking!",
      "date": "September 05, 2025",
      "author": "Daniel Gorelkin",
      "content": [
          "Sed et augue lorem. In sit amet placerat arcu. Mauris volutpat ipsum ac justo mollis vel vestibulum orci gravida. Vestibulum sit amet porttitor odio. Nulla facilisi. Fusce at pretium felis. Sed consequat libero ut turpis venenatis ut aliquam risus semper. Etiam convallis mi vel risus pretium sodales. Etiam nunc lorem, ullamcorper vitae laoreet id, rutrum et tortor. Vivamus luctus, lacus id egestas facilisis, nunc nunc ultricies lorem, vitae pulvinar nibh urna vel velit.",
          "Cras dui sapien, feugiat vitae tristique ut, lobortis tempor orci. Donec pulvinar sagittis metus ut tristique. Pellentesque habitant morbi tristique senectus et netus et malesuada fames ac turpis egestas. In hac habitasse platea dictumst. Nulla at nunc sit amet justo cursus imperdiet. Mauris est leo, placerat nec eleifend eu, facilisis id dolor. Donec nisi nibh, elementum vitae imperdiet non, placerat et felis. Maecenas scelerisque odio quis arcu fringilla malesuada. Nulla facilisi. In libero nulla, fermentum ut pretium ac, pharetra et eros.",
          "Phasellus viverra fringilla lacus, malesuada blandit velit iaculis dignissim. Suspendisse rutrum massa mauris. Donec quis tempus elit.Integer magna leo, posuere et dignissim vitae, porttitor at odio. Pellentesque a metus nec magna placerat volutpat."
      ]
  }
}
